Name,Given Name,Additional Name,Family Name,Yomi Name,Given Name Yomi,Additional Name Yomi,Family Name Yomi,Name Prefix,Name Suffix,Initials,Nickname,Short Name,Maiden Name,Birthday,Gender,Location,Billing Information,Directory Server,Mileage,Occupation,Hobby,Sensitivity,Priority,Subject,Notes,Language,Photo,Group Membership,E-mail 1 - Type,E-mail 1 - Value,Phone 1 - Type,Phone 1 - Value,Phone 2 - Type,Phone 2 - Value,Organization 1 - Type,Organization 1 - Name,Organization 1 - Yomi Name,Organization 1 - Title,Organization 1 - Department,Organization 1 - Symbol,Organization 1 - Location,Organization 1 - Job Description
Shakirovna Russian Beauty Salon,Shakirovna Russian Beauty Salon,,,,,,,,,,,,,,,,,,,,,,,,,,,,,,Mobile,971504099407,,,,Ladies hair styling salons,,,,,,
Jacques La Coupe,Jacques La Coupe,,,,,,,,,,,,,,,,,,,,,,,,,,,,,,Mobile,97144458381,,,,Ladies salon,,,,,,
MK Barber Shop,MK Barber Shop,,,,,,,,,,,,,,,,,,,,,,,,,,,,,,Mobile,97143353223,,,,Barbershops,,,,,,
Sugar,Sugar,,,,,,,,,,,,,,,,,,,,,,,,,,,,,,Mobile,971522736500,,,,Ladies salon,,,,,,
Googoosh Beauty,Googoosh Beauty,,,,,,,,,,,,,,,,,,,,,,,,,,,,,,Mobile,971501583030,,,,Training center and personal care,,,,,,
The Man Cave,The Man Cave,,,,,,,,,,,,,,,,,,,,,,,,,,,,,,Mobile,97143403101,,,,Gents salon,,,,,,
Omar & Bilal Gents Salon,Omar & Bilal Gents Salon,,,,,,,,,,,,,,,,,,,,,,,,,,,,,,Mobile,971552975323,,,,Barbershops,,,,,,
Swasthya Ayurveda,Swasthya Ayurveda,,,,,,,,,,,,,,,,,,,,,,,,,,,,,,Mobile,971558265074,,,,Clinic,,,,,,
Diva,Diva,,,,,,,,,,,,,,,,,,,,,,,,,,,,,,Mobile,97142226144,,,,Gents salon,,,,,,
Sonapoor,Sonapoor,,,,,,,,,,,,,,,,,,,,,,,,,,,,,,Mobile,971506723420,,,,Gents salon,,,,,,
Amaraya By Pam,Amaraya By Pam,,,,,,,,,,,,,,,,,,,,,,,,,,,,,,Mobile,971544114642,,,,Beauty center,,,,,,
Hairsilk,Hairsilk,,,,,,,,,,,,,,,,,,,,,,,,,,,,,,Mobile,971525204764,,,,Ladies salon,,,,,,
Diva,Diva,,,,,,,,,,,,,,,,,,,,,,,,,,,,,,Mobile,97143988656,,,,Gents salon,,,,,,
Dar Al Maha,Dar Al Maha,,,,,,,,,,,,,,,,,,,,,,,,,,,,,,Mobile,971566617753,,,,Gents salon,,,,,,
Trimmers,Trimmers,,,,,,,,,,,,,,,,,,,,,,,,,,,,,,Mobile,971562239938,,,,Gents salon and SPA center,,,,,,
Prive7 Dubai,Prive7 Dubai,,,,,,,,,,,,,,,,,,,,,,,,,,,,,,Mobile,97143259671,,,,Beauty salon,,,,,,
Topor,Topor,,,,,,,,,,,,,,,,,,,,,,,,,,,,,,Mobile,971585967027,,,,Barber shop,,,,,,
Lubasha,Lubasha,,,,,,,,,,,,,,,,,,,,,,,,,,,,,,Mobile,97142221177,,,,Beauty salon,,,,,,
Al Nasriya,Al Nasriya,,,,,,,,,,,,,,,,,,,,,,,,,,,,,,Mobile,971505773485,,,,Gents salon,,,,,,
Black Panther,Black Panther,,,,,,,,,,,,,,,,,,,,,,,,,,,,,,Mobile,971508415687,,,,Gents salon,,,,,,
Persona Image Elite Ladies Salon,Persona Image Elite Ladies Salon,,,,,,,,,,,,,,,,,,,,,,,,,,,,,,Mobile,971529481238,,,,Ladies hair styling salons,,,,,,
Zieda Beauty Lounge,Zieda Beauty Lounge,,,,,,,,,,,,,,,,,,,,,,,,,,,,,,Mobile,971508837478,,,,Ladies hair styling salons,,,,,,
Mirrors,Mirrors,,,,,,,,,,,,,,,,,,,,,,,,,,,,,,Mobile,97142340849,,,,Beauty lounge,,,,,,
Deluxe Beauty,Deluxe Beauty,,,,,,,,,,,,,,,,,,,,,,,,,,,,,,Mobile,971524547879,,,,Ladies salon,,,,,,
Mohaisna,Mohaisna,,,,,,,,,,,,,,,,,,,,,,,,,,,,,,Mobile,+971562043498,,,,Gents salon,,,,,,
Mashael,Mashael,,,,,,,,,,,,,,,,,,,,,,,,,,,,,,Mobile,+97144528833,,,,Ladies salon,,,,,,
Al Burj,Al Burj,,,,,,,,,,,,,,,,,,,,,,,,,,,,,,Mobile,+97165628687,,,,Ladies salon,,,,,,
Arabian Courtyard,Arabian Courtyard,,,,,,,,,,,,,,,,,,,,,,,,,,,,,,Mobile,+97143519111,,,,Hotel and SPA,,,,,,
Real Touch,Real Touch,,,,,,,,,,,,,,,,,,,,,,,,,,,,,,Mobile,+97143344800,,,,Al karama,,,,,,
Pastels,Pastels,,,,,,,,,,,,,,,,,,,,,,,,,,,,,,Mobile,+97143883534,,,,Ladies salon,,,,,,
Snob,Snob,,,,,,,,,,,,,,,,,,,,,,,,,,,,,,Mobile,+97143386600,,,,Ladies salon,,,,,,
Diva,Diva,,,,,,,,,,,,,,,,,,,,,,,,,,,,,,Mobile,Not Available,,,,Gents salon,,,,,,
Maryam,Maryam,,,,,,,,,,,,,,,,,,,,,,,,,,,,,,Mobile,+97143492022,,,,Beauty salon,,,,,,
Amongst Few,Amongst Few,,,,,,,,,,,,,,,,,,,,,,,,,,,,,,Mobile,+97142360031,,,,Cafe,,,,,,
Konjo,Konjo,,,,,,,,,,,,,,,,,,,,,,,,,,,,,,Mobile,+971503447573,,,,Ladies salon,,,,,,
Mon Poney,Mon Poney,,,,,,,,,,,,,,,,,,,,,,,,,,,,,,Mobile,+971582208058,,,,Ladies salon,,,,,,
Jazz Lounge,Jazz Lounge,,,,,,,,,,,,,,,,,,,,,,,,,,,,,,Mobile,+97143450036,,,,SPA center,,,,,,
Shobha,Shobha,,,,,,,,,,,,,,,,,,,,,,,,,,,,,,Mobile,+971508405499,,,,Ladies salon,,,,,,
Unique You,Unique You,,,,,,,,,,,,,,,,,,,,,,,,,,,,,,Mobile,+971569220487,,,,Ladies salon,,,,,,
Cute Look,Cute Look,,,,,,,,,,,,,,,,,,,,,,,,,,,,,,Mobile,+97143978595,,,,Ladies salon,,,,,,
Shakirovna Russian Beauty Salon,Shakirovna Russian Beauty Salon,,,,,,,,,,,,,,,,,,,,,,,,,,,,,,Mobile,+971504099407,,,,Ladies hair styling salons,,,,,,
Adres,Adres,,,,,,,,,,,,,,,,,,,,,,,,,,,,,,Mobile,+97143990686,,,,Gents salon,,,,,,
Halo Beauty,Halo Beauty,,,,,,,,,,,,,,,,,,,,,,,,,,,,,,Mobile,+971542969999,,,,Ladies salon,,,,,,
Sona,Sona,,,,,,,,,,,,,,,,,,,,,,,,,,,,,,Mobile,+97167379898,,,,Beauty centre,,,,,,
Beach Road,Beach Road,,,,,,,,,,,,,,,,,,,,,,,,,,,,,,Mobile,Not Available,,,,Gents salon,,,,,,
It's Beauty,It's Beauty,,,,,,,,,,,,,,,,,,,,,,,,,,,,,,Mobile,+971582173987,,,,Ladies salon,,,,,,
Kate White,Kate White,,,,,,,,,,,,,,,,,,,,,,,,,,,,,,Mobile,+971504021770,,,,Beauty salon,,,,,,
Rival,Rival,,,,,,,,,,,,,,,,,,,,,,,,,,,,,,Mobile,+97143214141,,,,Ladies salon,,,,,,
Aroushi,Aroushi,,,,,,,,,,,,,,,,,,,,,,,,,,,,,,Mobile,+97143362794,,,,Beauty center,,,,,,
Enigma,Enigma,,,,,,,,,,,,,,,,,,,,,,,,,,,,,,Mobile,+97143280033,,,,Ladies salon,,,,,,
Al Towar,Al Towar,,,,,,,,,,,,,,,,,,,,,,,,,,,,,,Mobile,+971503630031,,,,Gents salon,,,,,,
Sisters Beauty Lounge,Sisters Beauty Lounge,,,,,,,,,,,,,,,,,,,,,,,,,,,,,,Mobile,8007478377,,,,Ladies hair styling salons,,,,,,
Brush,Brush,,,,,,,,,,,,,,,,,,,,,,,,,,,,,,Mobile,+97143854404,,,,Ladies salon,,,,,,
Rival,Rival,,,,,,,,,,,,,,,,,,,,,,,,,,,,,,Mobile,+97143214141,,,,Ladies salon,,,,,,
Zamzam,Zamzam,,,,,,,,,,,,,,,,,,,,,,,,,,,,,,Mobile,+97142717958,,,,Ladies salon,,,,,,
Sky Bollywood Gents Salon,Sky Bollywood Gents Salon,,,,,,,,,,,,,,,,,,,,,,,,,,,,,,Mobile,+971552529146,,,,Barbershops,,,,,,
Machka Beauty & Body Design,Machka Beauty & Body Design,,,,,,,,,,,,,,,,,,,,,,,,,,,,,,Mobile,+97143288800,,,,Ladies salon,,,,,,
Afrina Beauty & Henna Center,Afrina Beauty & Henna Center,,,,,,,,,,,,,,,,,,,,,,,,,,,,,,Mobile,+97143282443,,,,Ladies hair styling salons,,,,,,
Back Alive,Back Alive,,,,,,,,,,,,,,,,,,,,,,,,,,,,,,Mobile,+97145681417,,,,Barbershop,,,,,,
Sasha Beauty,Sasha Beauty,,,,,,,,,,,,,,,,,,,,,,,,,,,,,,Mobile,+97143952008,,,,Ladies salon,,,,,,
Sugar,Sugar,,,,,,,,,,,,,,,,,,,,,,,,,,,,,,Mobile,+971522736500,,,,Ladies salon,,,,,,
MK Barber Shop,MK Barber Shop,,,,,,,,,,,,,,,,,,,,,,,,,,,,,,Mobile,+97143353223,,,,Barbershops,,,,,,
Jacques La Coupe,Jacques La Coupe,,,,,,,,,,,,,,,,,,,,,,,,,,,,,,Mobile,+97144458381,,,,Ladies salon,,,,,,
Shakirovna Russian Beauty Salon,Shakirovna Russian Beauty Salon,,,,,,,,,,,,,,,,,,,,,,,,,,,,,,Mobile,+971504099407,,,,Ladies hair styling salons,,,,,,
Googoosh Beauty,Googoosh Beauty,,,,,,,,,,,,,,,,,,,,,,,,,,,,,,Mobile,+971501583030,,,,Training center and personal care,,,,,,
Omar & Bilal Gents Salon,Omar & Bilal Gents Salon,,,,,,,,,,,,,,,,,,,,,,,,,,,,,,Mobile,+971552975323,,,,Barbershops,,,,,,
The Man Cave,The Man Cave,,,,,,,,,,,,,,,,,,,,,,,,,,,,,,Mobile,+97143403101,,,,Gents salon,,,,,,
Swasthya Ayurveda,Swasthya Ayurveda,,,,,,,,,,,,,,,,,,,,,,,,,,,,,,Mobile,+971558265074,,,,Clinic,,,,,,
Diva,Diva,,,,,,,,,,,,,,,,,,,,,,,,,,,,,,Mobile,+97142226144,,,,Gents salon,,,,,,
Sonapoor,Sonapoor,,,,,,,,,,,,,,,,,,,,,,,,,,,,,,Mobile,+971506723420,,,,Gents salon,,,,,,
Amaraya By Pam,Amaraya By Pam,,,,,,,,,,,,,,,,,,,,,,,,,,,,,,Mobile,+971544114642,,,,Beauty center,,,,,,
Hairsilk,Hairsilk,,,,,,,,,,,,,,,,,,,,,,,,,,,,,,Mobile,+971525204764,,,,Ladies salon,,,,,,
Sugar,Sugar,,,,,,,,,,,,,,,,,,,,,,,,,,,,,,Mobile,+971522736500,,,,Ladies salon,,,,,,
MK Barber Shop,MK Barber Shop,,,,,,,,,,,,,,,,,,,,,,,,,,,,,,Mobile,+97143353223,,,,Barbershops,,,,,,
Jacques La Coupe,Jacques La Coupe,,,,,,,,,,,,,,,,,,,,,,,,,,,,,,Mobile,+97144458381,,,,Ladies salon,,,,,,
Shakirovna Russian Beauty Salon,Shakirovna Russian Beauty Salon,,,,,,,,,,,,,,,,,,,,,,,,,,,,,,Mobile,+971504099407,,,,Ladies hair styling salons,,,,,,
Googoosh Beauty,Googoosh Beauty,,,,,,,,,,,,,,,,,,,,,,,,,,,,,,Mobile,+971501583030,,,,Training center and personal care,,,,,,
Omar & Bilal Gents Salon,Omar & Bilal Gents Salon,,,,,,,,,,,,,,,,,,,,,,,,,,,,,,Mobile,+971552975323,,,,Barbershops,,,,,,
The Man Cave,The Man Cave,,,,,,,,,,,,,,,,,,,,,,,,,,,,,,Mobile,+97143403101,,,,Gents salon,,,,,,
Swasthya Ayurveda,Swasthya Ayurveda,,,,,,,,,,,,,,,,,,,,,,,,,,,,,,Mobile,+971558265074,,,,Clinic,,,,,,
Diva,Diva,,,,,,,,,,,,,,,,,,,,,,,,,,,,,,Mobile,+97142226144,,,,Gents salon,,,,,,
Sonapoor,Sonapoor,,,,,,,,,,,,,,,,,,,,,,,,,,,,,,Mobile,+971506723420,,,,Gents salon,,,,,,
Amaraya By Pam,Amaraya By Pam,,,,,,,,,,,,,,,,,,,,,,,,,,,,,,Mobile,+971544114642,,,,Beauty center,,,,,,
Hairsilk,Hairsilk,,,,,,,,,,,,,,,,,,,,,,,,,,,,,,Mobile,+971525204764,,,,Ladies salon,,,,,,
Sugar,Sugar,,,,,,,,,,,,,,,,,,,,,,,,,,,,,,Mobile,+971522736500,,,,Ladies salon,,,,,,
MK Barber Shop,MK Barber Shop,,,,,,,,,,,,,,,,,,,,,,,,,,,,,,Mobile,+97143353223,,,,Barbershops,,,,,,
Jacques La Coupe,Jacques La Coupe,,,,,,,,,,,,,,,,,,,,,,,,,,,,,,Mobile,+97144458381,,,,Ladies salon,,,,,,
Shakirovna Russian Beauty Salon,Shakirovna Russian Beauty Salon,,,,,,,,,,,,,,,,,,,,,,,,,,,,,,Mobile,+971504099407,,,,Ladies hair styling salons,,,,,,
Googoosh Beauty,Googoosh Beauty,,,,,,,,,,,,,,,,,,,,,,,,,,,,,,Mobile,+971501583030,,,,Training center and personal care,,,,,,
Omar & Bilal Gents Salon,Omar & Bilal Gents Salon,,,,,,,,,,,,,,,,,,,,,,,,,,,,,,Mobile,+971552975323,,,,Barbershops,,,,,,
The Man Cave,The Man Cave,,,,,,,,,,,,,,,,,,,,,,,,,,,,,,Mobile,+97143403101,,,,Gents salon,,,,,,
Swasthya Ayurveda,Swasthya Ayurveda,,,,,,,,,,,,,,,,,,,,,,,,,,,,,,Mobile,+971558265074,,,,Clinic,,,,,,
Diva,Diva,,,,,,,,,,,,,,,,,,,,,,,,,,,,,,Mobile,+97142226144,,,,Gents salon,,,,,,
Sonapoor,Sonapoor,,,,,,,,,,,,,,,,,,,,,,,,,,,,,,Mobile,+971506723420,,,,Gents salon,,,,,,
Amaraya By Pam,Amaraya By Pam,,,,,,,,,,,,,,,,,,,,,,,,,,,,,,Mobile,+971544114642,,,,Beauty center,,,,,,
Hairsilk,Hairsilk,,,,,,,,,,,,,,,,,,,,,,,,,,,,,,Mobile,+971525204764,,,,Ladies salon,,,,,,
Sugar,Sugar,,,,,,,,,,,,,,,,,,,,,,,,,,,,,,Mobile,+971522736500,,,,Ladies salon,,,,,,
MK Barber Shop,MK Barber Shop,,,,,,,,,,,,,,,,,,,,,,,,,,,,,,Mobile,+97143353223,,,,Barbershops,,,,,,
Jacques La Coupe,Jacques La Coupe,,,,,,,,,,,,,,,,,,,,,,,,,,,,,,Mobile,+97144458381,,,,Ladies salon,,,,,,
Shakirovna Russian Beauty Salon,Shakirovna Russian Beauty Salon,,,,,,,,,,,,,,,,,,,,,,,,,,,,,,Mobile,+971504099407,,,,Ladies hair styling salons,,,,,,
Googoosh Beauty,Googoosh Beauty,,,,,,,,,,,,,,,,,,,,,,,,,,,,,,Mobile,+971501583030,,,,Training center and personal care,,,,,,
Omar & Bilal Gents Salon,Omar & Bilal Gents Salon,,,,,,,,,,,,,,,,,,,,,,,,,,,,,,Mobile,+971552975323,,,,Barbershops,,,,,,
The Man Cave,The Man Cave,,,,,,,,,,,,,,,,,,,,,,,,,,,,,,Mobile,+97143403101,,,,Gents salon,,,,,,
Swasthya Ayurveda,Swasthya Ayurveda,,,,,,,,,,,,,,,,,,,,,,,,,,,,,,Mobile,+971558265074,,,,Clinic,,,,,,
Diva,Diva,,,,,,,,,,,,,,,,,,,,,,,,,,,,,,Mobile,+97142226144,,,,Gents salon,,,,,,
Sonapoor,Sonapoor,,,,,,,,,,,,,,,,,,,,,,,,,,,,,,Mobile,+971506723420,,,,Gents salon,,,,,,
Amaraya By Pam,Amaraya By Pam,,,,,,,,,,,,,,,,,,,,,,,,,,,,,,Mobile,+971544114642,,,,Beauty center,,,,,,
Hairsilk,Hairsilk,,,,,,,,,,,,,,,,,,,,,,,,,,,,,,Mobile,+971525204764,,,,Ladies salon,,,,,,
Sugar,Sugar,,,,,,,,,,,,,,,,,,,,,,,,,,,,,,Mobile,+971522736500,,,,Ladies salon,,,,,,
MK Barber Shop,MK Barber Shop,,,,,,,,,,,,,,,,,,,,,,,,,,,,,,Mobile,+97143353223,,,,Barbershops,,,,,,
Jacques La Coupe,Jacques La Coupe,,,,,,,,,,,,,,,,,,,,,,,,,,,,,,Mobile,+97144458381,,,,Ladies salon,,,,,,
Shakirovna Russian Beauty Salon,Shakirovna Russian Beauty Salon,,,,,,,,,,,,,,,,,,,,,,,,,,,,,,Mobile,+971504099407,,,,Ladies hair styling salons,,,,,,
Googoosh Beauty,Googoosh Beauty,,,,,,,,,,,,,,,,,,,,,,,,,,,,,,Mobile,+971501583030,,,,Training center and personal care,,,,,,
Omar & Bilal Gents Salon,Omar & Bilal Gents Salon,,,,,,,,,,,,,,,,,,,,,,,,,,,,,,Mobile,+971552975323,,,,Barbershops,,,,,,
The Man Cave,The Man Cave,,,,,,,,,,,,,,,,,,,,,,,,,,,,,,Mobile,+97143403101,,,,Gents salon,,,,,,
Swasthya Ayurveda,Swasthya Ayurveda,,,,,,,,,,,,,,,,,,,,,,,,,,,,,,Mobile,+971558265074,,,,Clinic,,,,,,
Diva,Diva,,,,,,,,,,,,,,,,,,,,,,,,,,,,,,Mobile,+97142226144,,,,Gents salon,,,,,,
Sonapoor,Sonapoor,,,,,,,,,,,,,,,,,,,,,,,,,,,,,,Mobile,+971506723420,,,,Gents salon,,,,,,
Amaraya By Pam,Amaraya By Pam,,,,,,,,,,,,,,,,,,,,,,,,,,,,,,Mobile,+971544114642,,,,Beauty center,,,,,,
Hairsilk,Hairsilk,,,,,,,,,,,,,,,,,,,,,,,,,,,,,,Mobile,+971525204764,,,,Ladies salon,,,,,,
Sugar,Sugar,,,,,,,,,,,,,,,,,,,,,,,,,,,,,,Mobile,+971522736500,,,,Ladies salon,,,,,,
MK Barber Shop,MK Barber Shop,,,,,,,,,,,,,,,,,,,,,,,,,,,,,,Mobile,+97143353223,,,,Barbershops,,,,,,
Jacques La Coupe,Jacques La Coupe,,,,,,,,,,,,,,,,,,,,,,,,,,,,,,Mobile,+97144458381,,,,Ladies salon,,,,,,
Shakirovna Russian Beauty Salon,Shakirovna Russian Beauty Salon,,,,,,,,,,,,,,,,,,,,,,,,,,,,,,Mobile,+971504099407,,,,Ladies hair styling salons,,,,,,
Googoosh Beauty,Googoosh Beauty,,,,,,,,,,,,,,,,,,,,,,,,,,,,,,Mobile,+971501583030,,,,Training center and personal care,,,,,,
Omar & Bilal Gents Salon,Omar & Bilal Gents Salon,,,,,,,,,,,,,,,,,,,,,,,,,,,,,,Mobile,+971552975323,,,,Barbershops,,,,,,
The Man Cave,The Man Cave,,,,,,,,,,,,,,,,,,,,,,,,,,,,,,Mobile,+97143403101,,,,Gents salon,,,,,,
Swasthya Ayurveda,Swasthya Ayurveda,,,,,,,,,,,,,,,,,,,,,,,,,,,,,,Mobile,+971558265074,,,,Clinic,,,,,,
Diva,Diva,,,,,,,,,,,,,,,,,,,,,,,,,,,,,,Mobile,+97142226144,,,,Gents salon,,,,,,
Sonapoor,Sonapoor,,,,,,,,,,,,,,,,,,,,,,,,,,,,,,Mobile,+971506723420,,,,Gents salon,,,,,,
Amaraya By Pam,Amaraya By Pam,,,,,,,,,,,,,,,,,,,,,,,,,,,,,,Mobile,+971544114642,,,,Beauty center,,,,,,
Hairsilk,Hairsilk,,,,,,,,,,,,,,,,,,,,,,,,,,,,,,Mobile,+971525204764,,,,Ladies salon,,,,,,
Sugar,Sugar,,,,,,,,,,,,,,,,,,,,,,,,,,,,,,Mobile,+971522736500,,,,Ladies salon,,,,,,
MK Barber Shop,MK Barber Shop,,,,,,,,,,,,,,,,,,,,,,,,,,,,,,Mobile,+97143353223,,,,Barbershops,,,,,,
Jacques La Coupe,Jacques La Coupe,,,,,,,,,,,,,,,,,,,,,,,,,,,,,,Mobile,+97144458381,,,,Ladies salon,,,,,,
Shakirovna Russian Beauty Salon,Shakirovna Russian Beauty Salon,,,,,,,,,,,,,,,,,,,,,,,,,,,,,,Mobile,+971504099407,,,,Ladies hair styling salons,,,,,,
Googoosh Beauty,Googoosh Beauty,,,,,,,,,,,,,,,,,,,,,,,,,,,,,,Mobile,+971501583030,,,,Training center and personal care,,,,,,
Omar & Bilal Gents Salon,Omar & Bilal Gents Salon,,,,,,,,,,,,,,,,,,,,,,,,,,,,,,Mobile,+971552975323,,,,Barbershops,,,,,,
The Man Cave,The Man Cave,,,,,,,,,,,,,,,,,,,,,,,,,,,,,,Mobile,+97143403101,,,,Gents salon,,,,,,
Swasthya Ayurveda,Swasthya Ayurveda,,,,,,,,,,,,,,,,,,,,,,,,,,,,,,Mobile,+971558265074,,,,Clinic,,,,,,
Diva,Diva,,,,,,,,,,,,,,,,,,,,,,,,,,,,,,Mobile,+97142226144,,,,Gents salon,,,,,,
Sonapoor,Sonapoor,,,,,,,,,,,,,,,,,,,,,,,,,,,,,,Mobile,+971506723420,,,,Gents salon,,,,,,
Amaraya By Pam,Amaraya By Pam,,,,,,,,,,,,,,,,,,,,,,,,,,,,,,Mobile,+971544114642,,,,Beauty center,,,,,,
Hairsilk,Hairsilk,,,,,,,,,,,,,,,,,,,,,,,,,,,,,,Mobile,+971525204764,,,,Ladies salon,,,,,,
Sugar,Sugar,,,,,,,,,,,,,,,,,,,,,,,,,,,,,,Mobile,+971522736500,,,,Ladies salon,,,,,,
MK Barber Shop,MK Barber Shop,,,,,,,,,,,,,,,,,,,,,,,,,,,,,,Mobile,+97143353223,,,,Barbershops,,,,,,
Jacques La Coupe,Jacques La Coupe,,,,,,,,,,,,,,,,,,,,,,,,,,,,,,Mobile,+97144458381,,,,Ladies salon,,,,,,
Shakirovna Russian Beauty Salon,Shakirovna Russian Beauty Salon,,,,,,,,,,,,,,,,,,,,,,,,,,,,,,Mobile,+971504099407,,,,Ladies hair styling salons,,,,,,
Googoosh Beauty,Googoosh Beauty,,,,,,,,,,,,,,,,,,,,,,,,,,,,,,Mobile,+971501583030,,,,Training center and personal care,,,,,,
Omar & Bilal Gents Salon,Omar & Bilal Gents Salon,,,,,,,,,,,,,,,,,,,,,,,,,,,,,,Mobile,+971552975323,,,,Barbershops,,,,,,
The Man Cave,The Man Cave,,,,,,,,,,,,,,,,,,,,,,,,,,,,,,Mobile,+97143403101,,,,Gents salon,,,,,,
Swasthya Ayurveda,Swasthya Ayurveda,,,,,,,,,,,,,,,,,,,,,,,,,,,,,,Mobile,+971558265074,,,,Clinic,,,,,,
Diva,Diva,,,,,,,,,,,,,,,,,,,,,,,,,,,,,,Mobile,+97142226144,,,,Gents salon,,,,,,
Sonapoor,Sonapoor,,,,,,,,,,,,,,,,,,,,,,,,,,,,,,Mobile,+971506723420,,,,Gents salon,,,,,,
Amaraya By Pam,Amaraya By Pam,,,,,,,,,,,,,,,,,,,,,,,,,,,,,,Mobile,+971544114642,,,,Beauty center,,,,,,
Hairsilk,Hairsilk,,,,,,,,,,,,,,,,,,,,,,,,,,,,,,Mobile,+971525204764,,,,Ladies salon,,,,,,
Sugar,Sugar,,,,,,,,,,,,,,,,,,,,,,,,,,,,,,Mobile,+971522736500,,,,Ladies salon,,,,,,
MK Barber Shop,MK Barber Shop,,,,,,,,,,,,,,,,,,,,,,,,,,,,,,Mobile,+97143353223,,,,Barbershops,,,,,,
Jacques La Coupe,Jacques La Coupe,,,,,,,,,,,,,,,,,,,,,,,,,,,,,,Mobile,+97144458381,,,,Ladies salon,,,,,,
Shakirovna Russian Beauty Salon,Shakirovna Russian Beauty Salon,,,,,,,,,,,,,,,,,,,,,,,,,,,,,,Mobile,+971504099407,,,,Ladies hair styling salons,,,,,,
Googoosh Beauty,Googoosh Beauty,,,,,,,,,,,,,,,,,,,,,,,,,,,,,,Mobile,+971501583030,,,,Training center and personal care,,,,,,
Omar & Bilal Gents Salon,Omar & Bilal Gents Salon,,,,,,,,,,,,,,,,,,,,,,,,,,,,,,Mobile,+971552975323,,,,Barbershops,,,,,,
The Man Cave,The Man Cave,,,,,,,,,,,,,,,,,,,,,,,,,,,,,,Mobile,+97143403101,,,,Gents salon,,,,,,
Swasthya Ayurveda,Swasthya Ayurveda,,,,,,,,,,,,,,,,,,,,,,,,,,,,,,Mobile,+971558265074,,,,Clinic,,,,,,
Diva,Diva,,,,,,,,,,,,,,,,,,,,,,,,,,,,,,Mobile,+97142226144,,,,Gents salon,,,,,,
Sonapoor,Sonapoor,,,,,,,,,,,,,,,,,,,,,,,,,,,,,,Mobile,+971506723420,,,,Gents salon,,,,,,
Amaraya By Pam,Amaraya By Pam,,,,,,,,,,,,,,,,,,,,,,,,,,,,,,Mobile,+971544114642,,,,Beauty center,,,,,,
Hairsilk,Hairsilk,,,,,,,,,,,,,,,,,,,,,,,,,,,,,,Mobile,+971525204764,,,,Ladies salon,,,,,,
Sugar,Sugar,,,,,,,,,,,,,,,,,,,,,,,,,,,,,,Mobile,+971522736500,,,,Ladies salon,,,,,,
MK Barber Shop,MK Barber Shop,,,,,,,,,,,,,,,,,,,,,,,,,,,,,,Mobile,+97143353223,,,,Barbershops,,,,,,
Jacques La Coupe,Jacques La Coupe,,,,,,,,,,,,,,,,,,,,,,,,,,,,,,Mobile,+97144458381,,,,Ladies salon,,,,,,
Shakirovna Russian Beauty Salon,Shakirovna Russian Beauty Salon,,,,,,,,,,,,,,,,,,,,,,,,,,,,,,Mobile,+971504099407,,,,Ladies hair styling salons,,,,,,
Googoosh Beauty,Googoosh Beauty,,,,,,,,,,,,,,,,,,,,,,,,,,,,,,Mobile,+971501583030,,,,Training center and personal care,,,,,,
Omar & Bilal Gents Salon,Omar & Bilal Gents Salon,,,,,,,,,,,,,,,,,,,,,,,,,,,,,,Mobile,+971552975323,,,,Barbershops,,,,,,
The Man Cave,The Man Cave,,,,,,,,,,,,,,,,,,,,,,,,,,,,,,Mobile,+97143403101,,,,Gents salon,,,,,,
Swasthya Ayurveda,Swasthya Ayurveda,,,,,,,,,,,,,,,,,,,,,,,,,,,,,,Mobile,+971558265074,,,,Clinic,,,,,,
Diva,Diva,,,,,,,,,,,,,,,,,,,,,,,,,,,,,,Mobile,+97142226144,,,,Gents salon,,,,,,
Sonapoor,Sonapoor,,,,,,,,,,,,,,,,,,,,,,,,,,,,,,Mobile,+971506723420,,,,Gents salon,,,,,,
Amaraya By Pam,Amaraya By Pam,,,,,,,,,,,,,,,,,,,,,,,,,,,,,,Mobile,+971544114642,,,,Beauty center,,,,,,
Hairsilk,Hairsilk,,,,,,,,,,,,,,,,,,,,,,,,,,,,,,Mobile,+971525204764,,,,Ladies salon,,,,,,
Jacques La Coupe,Jacques La Coupe,,,,,,,,,,,,,,,,,,,,,,,,,,,,,,Mobile,+97144458381,,,,Ladies salon,,,,,,
Shakirovna Russian Beauty Salon,Shakirovna Russian Beauty Salon,,,,,,,,,,,,,,,,,,,,,,,,,,,,,,Mobile,+971504099407,,,,Ladies hair styling salons,,,,,,
MK Barber Shop,MK Barber Shop,,,,,,,,,,,,,,,,,,,,,,,,,,,,,,Mobile,+97143353223,,,,Barbershops,,,,,,
Sugar,Sugar,,,,,,,,,,,,,,,,,,,,,,,,,,,,,,Mobile,+971522736500,,,,Ladies salon,,,,,,
Googoosh Beauty,Googoosh Beauty,,,,,,,,,,,,,,,,,,,,,,,,,,,,,,Mobile,+971501583030,,,,Training center and personal care,,,,,,
The Man Cave,The Man Cave,,,,,,,,,,,,,,,,,,,,,,,,,,,,,,Mobile,+97143403101,,,,Gents salon,,,,,,
Omar & Bilal Gents Salon,Omar & Bilal Gents Salon,,,,,,,,,,,,,,,,,,,,,,,,,,,,,,Mobile,+971552975323,,,,Barbershops,,,,,,
Swasthya Ayurveda,Swasthya Ayurveda,,,,,,,,,,,,,,,,,,,,,,,,,,,,,,Mobile,+971558265074,,,,Clinic,,,,,,
Diva,Diva,,,,,,,,,,,,,,,,,,,,,,,,,,,,,,Mobile,+97142226144,,,,Gents salon,,,,,,
Sonapoor,Sonapoor,,,,,,,,,,,,,,,,,,,,,,,,,,,,,,Mobile,+971506723420,,,,Gents salon,,,,,,
Amaraya By Pam,Amaraya By Pam,,,,,,,,,,,,,,,,,,,,,,,,,,,,,,Mobile,+971544114642,,,,Beauty center,,,,,,
Hairsilk,Hairsilk,,,,,,,,,,,,,,,,,,,,,,,,,,,,,,Mobile,+971525204764,,,,Ladies salon,,,,,,
Jacques La Coupe,Jacques La Coupe,,,,,,,,,,,,,,,,,,,,,,,,,,,,,,Mobile,+97144458381,,,,Ladies salon,,,,,,
Shakirovna Russian Beauty Salon,Shakirovna Russian Beauty Salon,,,,,,,,,,,,,,,,,,,,,,,,,,,,,,Mobile,+971504099407,,,,Ladies hair styling salons,,,,,,
MK Barber Shop,MK Barber Shop,,,,,,,,,,,,,,,,,,,,,,,,,,,,,,Mobile,+97143353223,,,,Barbershops,,,,,,
Sugar,Sugar,,,,,,,,,,,,,,,,,,,,,,,,,,,,,,Mobile,+971522736500,,,,Ladies salon,,,,,,
Googoosh Beauty,Googoosh Beauty,,,,,,,,,,,,,,,,,,,,,,,,,,,,,,Mobile,+971501583030,,,,Training center and personal care,,,,,,
The Man Cave,The Man Cave,,,,,,,,,,,,,,,,,,,,,,,,,,,,,,Mobile,+97143403101,,,,Gents salon,,,,,,
Omar & Bilal Gents Salon,Omar & Bilal Gents Salon,,,,,,,,,,,,,,,,,,,,,,,,,,,,,,Mobile,+971552975323,,,,Barbershops,,,,,,
Swasthya Ayurveda,Swasthya Ayurveda,,,,,,,,,,,,,,,,,,,,,,,,,,,,,,Mobile,+971558265074,,,,Clinic,,,,,,
Diva,Diva,,,,,,,,,,,,,,,,,,,,,,,,,,,,,,Mobile,+97142226144,,,,Gents salon,,,,,,
Sonapoor,Sonapoor,,,,,,,,,,,,,,,,,,,,,,,,,,,,,,Mobile,+971506723420,,,,Gents salon,,,,,,
Amaraya By Pam,Amaraya By Pam,,,,,,,,,,,,,,,,,,,,,,,,,,,,,,Mobile,+971544114642,,,,Beauty center,,,,,,
Hairsilk,Hairsilk,,,,,,,,,,,,,,,,,,,,,,,,,,,,,,Mobile,+971525204764,,,,Ladies salon,,,,,,
Jacques La Coupe,Jacques La Coupe,,,,,,,,,,,,,,,,,,,,,,,,,,,,,,Mobile,+97144458381,,,,Ladies salon,,,,,,
Shakirovna Russian Beauty Salon,Shakirovna Russian Beauty Salon,,,,,,,,,,,,,,,,,,,,,,,,,,,,,,Mobile,+971504099407,,,,Ladies hair styling salons,,,,,,
MK Barber Shop,MK Barber Shop,,,,,,,,,,,,,,,,,,,,,,,,,,,,,,Mobile,+97143353223,,,,Barbershops,,,,,,
Sugar,Sugar,,,,,,,,,,,,,,,,,,,,,,,,,,,,,,Mobile,+971522736500,,,,Ladies salon,,,,,,
Googoosh Beauty,Googoosh Beauty,,,,,,,,,,,,,,,,,,,,,,,,,,,,,,Mobile,+971501583030,,,,Training center and personal care,,,,,,
The Man Cave,The Man Cave,,,,,,,,,,,,,,,,,,,,,,,,,,,,,,Mobile,+97143403101,,,,Gents salon,,,,,,
Omar & Bilal Gents Salon,Omar & Bilal Gents Salon,,,,,,,,,,,,,,,,,,,,,,,,,,,,,,Mobile,+971552975323,,,,Barbershops,,,,,,
Swasthya Ayurveda,Swasthya Ayurveda,,,,,,,,,,,,,,,,,,,,,,,,,,,,,,Mobile,+971558265074,,,,Clinic,,,,,,
Diva,Diva,,,,,,,,,,,,,,,,,,,,,,,,,,,,,,Mobile,+97142226144,,,,Gents salon,,,,,,
Sonapoor,Sonapoor,,,,,,,,,,,,,,,,,,,,,,,,,,,,,,Mobile,+971506723420,,,,Gents salon,,,,,,
Amaraya By Pam,Amaraya By Pam,,,,,,,,,,,,,,,,,,,,,,,,,,,,,,Mobile,+971544114642,,,,Beauty center,,,,,,
Hairsilk,Hairsilk,,,,,,,,,,,,,,,,,,,,,,,,,,,,,,Mobile,+971525204764,,,,Ladies salon,,,,,,
